K,Precision,Recall,NDCG
5,0.11390416339355852,0.28147420790782934,0.2820654933217662
10,0.05789473684210526,0.28618748363445934,0.28369686437855235
20,0.029536527886881377,0.2916077507200838,0.28543379214773074
