K,Precision,Recall,NDCG
5,0.11249018067556951,0.2788033516627389,0.2771231258592645
10,0.05663786331500392,0.28076721654883474,0.2777638427131328
20,0.029340141398271805,0.2888059701492537,0.2804206630212922
