K,Precision,Recall,NDCG
5,0.11374705420267087,0.28207645980623197,0.2823558491088851
10,0.057816182246661435,0.2860696517412935,0.2839864010876042
20,0.02996857816182247,0.29604608536266036,0.28716785881018614
