Model,Precision@10,Recall@10,NDCG@10,Train Time,Inference Time
Collaborative Filtering,0.023790322580645167,0.13205645161290322,0.06490957104865336,109.44068622589111,2.738184928894043
Deepfm,0.023521505376344086,0.1303763440860215,0.06332119894096738,205.61834025382996,14.753065824508667
Twotower,0.019354838709677424,0.09767025089605735,0.05444389658167416,383.49677753448486,35.01802468299866
Lightgcn,0.014247311827956988,0.08131720430107527,0.03407387570823382,863.9788219928741,31.372863292694092
