K,Precision,Recall,NDCG
5,0.056559308719560095,0.14015449070437286,0.16959768818678514
10,0.028750981932443048,0.14206598586017283,0.17032131844459383
20,0.029379418695993715,0.28923802042419483,0.21473620238941454
