K,Precision,Recall,NDCG
5,0.0,0.0,0.0
10,0.00026881720430107527,0.002688172043010753,0.0007931382015885338
20,0.00020161290322580648,0.003360215053763441,0.0009947602353362996
