K,Precision,Recall,NDCG
5,0.11233307148468186,0.27856768787640745,0.200954567174195
10,0.05687352710133543,0.2814611154752553,0.20216137458020564
20,0.029497250589159463,0.29042943178842634,0.2050858972008951
